{
  "project_info": {
    "project_number": "689482651860",
    "project_id": "vchat-42946",
    "storage_bucket": "vchat-42946.appspot.com"
  },
  "client": [
    {
      "client_info": {
        "mobilesdk_app_id": "1:689482651860:android:d44af890fa1b421fb90341",
        "android_client_info": {
          "package_name": "com.example.vchat"
        }
      },
      "oauth_client": [
        {
          "client_id": "689482651860-kbrsbhaes7fopj4te2emcblqqeg829ic.apps.googleusercontent.com",
          "client_type": 1,
          "android_info": {
            "package_name": "com.example.vchat",
            "certificate_hash": "75ebe7e1610df95c0a8891482d0684c8120bf5a6"
          }
        },
        {
          "client_id": "689482651860-u2q70f0k3fghb1uuhkh0982m17h7rouc.apps.googleusercontent.com",
          "client_type": 3
        }
      ],
      "api_key": [
        {
          "current_key": "AIzaSyBgkcvA46eGTMAWkoU6KoJiq-pksSCTbTI"
        }
      ],
      "services": {
        "appinvite_service": {
          "other_platform_oauth_client": [
            {
              "client_id": "689482651860-u2q70f0k3fghb1uuhkh0982m17h7rouc.apps.googleusercontent.com",
              "client_type": 3
            }
          ]
        }
      }
    }
  ],
  "configuration_version": "1"
}